epoch,train_loss,valid_loss,valid_accuracy,valid_top3_accuracy,valid_perplexity,experiment,sequence_length,num_layers,num_heads,d_model,parameter_count,approx_attention_ops,train_seconds,inference_seconds_per_sample,vocab_size,generated_output
2,2.2342928684617283,2.1842129325866697,0.3748125,0.60321875,8.883653766657075,problem2_baseline,20,2,2,48,63032,1144320,2.9705755079999108,0.00032201770000028773,56,"NENENIUS:
s ad limaith be th ay wager tal cad, be ghile his, rad sprad, anye say do ben that lulla pre, poug her othelpr arey
ive, I useingr n this, Citizen: iflor? I ghimuge oun a "
2,2.2481317600986834,2.1894341468811036,0.373875,0.59125,8.930158526701852,problem2_baseline,30,2,2,48,63512,1745280,4.365606293999917,0.0003383224000003793,56,"NIf not thinti tho he the s we thailllary
You well there kerplile gesensen:
pabeat, he dil: wor ghe
Th stse you thou whe be thecous ary cea'genol
The avearitse sen you
me, the cound"
2,2.312831387976462,2.2501374435424806,0.3606875,0.587875,9.489039954001216,problem2_hyper,30,1,2,48,35240,872640,2.3515938460000143,0.00021128500000031636,56,"NI: thop.

NENIUTherat it ne woor to dare hout hatt Cid the.

Ae vitize at Cisr ve, feol Cit
stenly ponor then seinat ather the horpeealenbebed wof Berousipfecot urist hou'e thers t"
2,2.3288321081847188,2.288027858734131,0.3405625,0.5803958333333333,9.855482099957323,problem2_hyper,30,1,4,48,35240,872640,2.6803509860001213,0.00022624885000368521,56,"NENNDoun: that th payousis becit atonndin s.

Yon:
D nen? Cisst CENouratit thesar tho e
whathand d geletilin pereatny, te.
Nirs we, heyou cillveed alg anof we I heouthe findrsus, pe"
2,2.2481317600986834,2.1894341468811036,0.373875,0.59125,8.930158526701852,problem2_hyper,30,2,2,48,63512,1745280,4.387389885999937,0.0003388096999970003,56,"NIf not thinti tho he the s we thailllary
You well there kerplile gesensen:
pabeat, he dil: wor ghe
Th stse you thou whe be thecous ary cea'genol
The avearitse sen you
me, the cound"
2,2.265897692166842,2.2272390270233156,0.36554166666666665,0.5857083333333334,9.274224814260084,problem2_hyper,30,2,4,48,63512,1745280,4.972726871999839,0.00035516254999947707,56,"NIUS:
Wherst.

MENENENENIUS:
Wendie rd, ppl, Le?ousmecouiced, ace whan:

Yorshe's. whe pf wenoy, story MENENENour aconthichinke ccikns thite od thevan thurale,, herd thell,

Wharmer"
2,2.201335620655557,2.170457706451416,0.38295833333333335,0.595375,8.762293681398813,problem2_hyper,30,4,2,48,120056,3490560,8.229839240000047,0.0005820823500016558,56,"NI can beld it ibetatand thy oo callo'Ugay our whod s har that your thery hereys
Alpeve your e an
Whe alproIUd wely co le plit wict, bey Whan s they-here innind cus ton lprat cared "
2,2.2051786942234965,2.16664701461792,0.37322916666666667,0.6019166666666667,8.72896681995309,problem2_hyper,30,4,4,48,120056,3490560,9.424641613999938,0.0006243507000021964,56,"NIUS:
I mouce illd Firsnd to Cenelitilbengang averer
Ye panve tid fay beand acariorern;-e thaly tis s
o noundy michoun nt mene ein wits s!
:
Anere Cifoures we ansorans aker
d.

Sell"
2,2.285490380234606,2.244209394454956,0.3583625,0.584275,9.432954861196032,problem2_seq50,50,2,2,48,64472,3004800,7.601041072000044,0.00042165964999867355,56,"NENILem,
Orseround our brershelys, sidlf you. s,

Your thease Chen:
e ot he ithe henstoutroullery,
Whoulle ble you wou thloulley, he theake ghe woushen woure lille they Ciche foufno"
